{
  "execPath": "C:/Users/ANGEL/.platformio/packages/toolchain-xtensa/bin/xtensa-lx106-elf-g++.exe",
  "gccDefaultCFlags": "-fsyntax-only -std=gnu99 -Wpointer-arith -Wno-implicit-function-declaration -Wl,-EL -fno-inline-functions -nostdlib -Os -mlongcalls -mtext-section-literals -falign-functions=4 -ffunction-sections -fdata-sections -Wall -DF_CPU=80000000L -D__ets__ -DICACHE_FLASH -DPLATFORMIO=30600 -DESP8266 -DARDUINO_ARCH_ESP8266 -DESP8266_WEMOS_D1MINI -DARDUINO=10805 -DARDUINO_BOARD=\"PLATFORMIO_D1_MINI\" -DLWIP_OPEN_SRC -U__STRICT_ANSI__",
  "gccDefaultCppFlags": "-fsyntax-only -fno-rtti -fno-exceptions -std=c++11 -Os -mlongcalls -mtext-section-literals -falign-functions=4 -ffunction-sections -fdata-sections -Wall -DF_CPU=80000000L -D__ets__ -DICACHE_FLASH -DPLATFORMIO=30600 -DESP8266 -DARDUINO_ARCH_ESP8266 -DESP8266_WEMOS_D1MINI -DARDUINO=10805 -DARDUINO_BOARD=\"PLATFORMIO_D1_MINI\" -DLWIP_OPEN_SRC -U__STRICT_ANSI__",
  "gccErrorLimit": 15,
  "gccIncludePaths": "C:/Users/ANGEL/.platformio/packages/framework-arduinoespressif8266/tools/sdk/include,C:/Users/ANGEL/.platformio/packages/framework-arduinoespressif8266/tools/sdk/libc/xtensa-lx106-elf/include,C:/Users/ANGEL/.platformio/packages/framework-arduinoespressif8266/cores/esp8266,C:/Users/ANGEL/.platformio/packages/framework-arduinoespressif8266/tools/sdk/lwip/include,C:/Users/ANGEL/.platformio/packages/framework-arduinoespressif8266/variants/d1_mini,C:/Users/ANGEL/.platformio/lib/EspSoftwareSerial_ID168,C:/Users/ANGEL/.platformio/lib/PubSubClient_ID89/src,C:/Users/ANGEL/.platformio/lib/TinyGPSPlus_ID1655/src,C:/Users/ANGEL/.platformio/packages/framework-arduinoespressif8266/libraries/ESP8266WiFi/src,C:/Users/ANGEL/Documents/PlatformIO/Projects/WeMos_GPS_PULSE/.piolibdeps/NeoGPS_ID1247/src,C:/Users/ANGEL/.platformio/lib/AltSoftSerial_ID73,C:/Users/ANGEL/.platformio/lib/FirebaseArduino_ID1259/src,C:/Users/ANGEL/.platformio/lib/NeoGPS_ID1247/src,C:/Users/ANGEL/.platformio/lib/NeoSWSerial_ID1653/src,C:/Users/ANGEL/.platformio/lib/PulseSensor Playground_ID2049/src,C:/Users/ANGEL/.platformio/packages/framework-arduinoespressif8266/libraries/ArduinoOTA,C:/Users/ANGEL/.platformio/packages/framework-arduinoespressif8266/libraries/DNSServer/src,C:/Users/ANGEL/.platformio/packages/framework-arduinoespressif8266/libraries/EEPROM,C:/Users/ANGEL/.platformio/packages/framework-arduinoespressif8266/libraries/ESP8266AVRISP/src,C:/Users/ANGEL/.platformio/packages/framework-arduinoespressif8266/libraries/ESP8266HTTPClient/src,C:/Users/ANGEL/.platformio/packages/framework-arduinoespressif8266/libraries/ESP8266HTTPUpdateServer/src,C:/Users/ANGEL/.platformio/packages/framework-arduinoespressif8266/libraries/ESP8266LLMNR,C:/Users/ANGEL/.platformio/packages/framework-arduinoespressif8266/libraries/ESP8266NetBIOS,C:/Users/ANGEL/.platformio/packages/framework-arduinoespressif8266/libraries/ESP8266SSDP,C:/Users/ANGEL/.platformio/packages/framework-arduinoespressif8266/libraries/ESP8266WebServer/src,C:/Users/ANGEL/.platformio/packages/framework-arduinoespressif8266/libraries/ESP8266WiFiMesh/src,C:/Users/ANGEL/.platformio/packages/framework-arduinoespressif8266/libraries/ESP8266httpUpdate/src,C:/Users/ANGEL/.platformio/packages/framework-arduinoespressif8266/libraries/ESP8266mDNS,C:/Users/ANGEL/.platformio/packages/framework-arduinoespressif8266/libraries/Ethernet/src,C:/Users/ANGEL/.platformio/packages/framework-arduinoespressif8266/libraries/GDBStub/src,C:/Users/ANGEL/.platformio/packages/framework-arduinoespressif8266/libraries/Hash/src,C:/Users/ANGEL/.platformio/packages/framework-arduinoespressif8266/libraries/SD/src,C:/Users/ANGEL/.platformio/packages/framework-arduinoespressif8266/libraries/SPI,C:/Users/ANGEL/.platformio/packages/framework-arduinoespressif8266/libraries/SPISlave/src,C:/Users/ANGEL/.platformio/packages/framework-arduinoespressif8266/libraries/Servo/src,C:/Users/ANGEL/.platformio/packages/framework-arduinoespressif8266/libraries/SoftwareSerial,C:/Users/ANGEL/.platformio/packages/framework-arduinoespressif8266/libraries/TFT_Touch_Shield_V2,C:/Users/ANGEL/.platformio/packages/framework-arduinoespressif8266/libraries/Ticker,C:/Users/ANGEL/.platformio/packages/framework-arduinoespressif8266/libraries/Wire,C:/Users/ANGEL/.platformio/packages/framework-arduinoespressif8266/libraries/esp8266/src,C:/Users/ANGEL/.platformio/packages/toolchain-xtensa/xtensa-lx106-elf/include,C:/Users/ANGEL/.platformio/packages/toolchain-xtensa/xtensa-lx106-elf/include/c++/4.8.2,C:/Users/ANGEL/.platformio/packages/toolchain-xtensa/xtensa-lx106-elf/include/c++/4.8.2/xtensa-lx106-elf,C:/Users/ANGEL/.platformio/packages/toolchain-xtensa/lib/gcc/xtensa-lx106-elf/4.8.2/include,C:/Users/ANGEL/.platformio/packages/toolchain-xtensa/lib/gcc/xtensa-lx106-elf/4.8.2/include-fixed,C:/Users/ANGEL/.platformio/packages/tool-unity",
  "gccSuppressWarnings": false
}
